/*
Navicat SQL Server Data Transfer

Source Server         : sql server
Source Server Version : 90000
Source Host           : 127.0.0.1:1433
Source Database       : SBODemoCN
Source Schema         : dbo

Target Server Type    : MYSQL
Target Server Version : 50599
File Encoding         : 936

Date: 2016-01-08 20:46:10
*/


-- ----------------------------
-- Table structure for OCLG
-- ----------------------------
DROP TABLE IF EXISTS `OCLG`;
CREATE TABLE `OCLG` (
`ClgCode`  int NOT NULL ,
`CardCode`  varchar(15) NULL ,
`Notes`  longtext NULL ,
`CntctDate`  datetime NULL ,
`CntctTime`  int NULL ,
`Recontact`  datetime NULL ,
`Closed`  char(1) NULL ,
`CloseDate`  datetime NULL ,
`ContactPer`  varchar(90) NULL ,
`Tel`  varchar(20) NULL ,
`Fax`  varchar(20) NULL ,
`CntctSbjct`  smallint NULL ,
`Transfered`  char(1) NULL ,
`DocType`  varchar(20) NULL ,
`DocNum`  varchar(20) NULL ,
`DocEntry`  varchar(20) NULL ,
`Attachment`  longtext NULL ,
`DataSource`  char(1) NULL ,
`AttendUser`  smallint NULL ,
`CntctCode`  int NULL ,
`UserSign`  smallint NULL ,
`SlpCode`  smallint NULL ,
`Action`  char(1) NULL ,
`Details`  varchar(60) NULL ,
`CntctType`  smallint NULL ,
`Location`  smallint NULL ,
`BeginTime`  int NULL ,
`Duration`  decimal(19,6) NULL ,
`DurType`  char(1) NULL ,
`ENDTime`  int NULL ,
`Priority`  char(1) NULL ,
`Reminder`  char(1) NULL ,
`RemQty`  decimal(19,6) NULL ,
`RemType`  char(1) NULL ,
`OprId`  int NULL ,
`OprLine`  smallint NULL ,
`RemDate`  datetime NULL ,
`RemTime`  smallint NULL ,
`RemSented`  char(1) NULL ,
`Instance`  smallint NULL ,
`endDate`  datetime NULL ,
`status`  int NULL ,
`personal`  char(1) NULL ,
`inactive`  char(1) NULL ,
`tentative`  char(1) NULL ,
`street`  varchar(100) NULL ,
`city`  varchar(100) NULL ,
`country`  varchar(3) NULL ,
`state`  varchar(3) NULL ,
`room`  varchar(50) NULL ,
`parentType`  varchar(20) NULL ,
`parentId`  int NULL ,
`prevActvty`  int NULL ,
`AtcEntry`  int NULL ,
PRIMARY KEY (`ClgCode`)
)

;

-- ----------------------------
-- Records of OCLG
-- ----------------------------
BEGIN;
INSERT INTO `OCLG` VALUES ('1', 'C20000', 'waihui', '2015-11-23 00:00:00', '907', '2015-11-23 00:00:00', 'N', null, null, '', null, '-1', 'N', '-1', null, null, null, 'I', '1', '0', '1', '1', 'C', 'waihui', '-1', '-1', '907', '15.000000', 'M', '922', '1', 'N', '15.000000', 'M', null, null, null, null, 'N', '0', '2015-11-23 00:00:00', null, 'N', 'N', 'N', null, null, null, null, null, null, null, null, null), ('2', 'p2', '肌瘤 急急急iijijijiji', '2015-11-23 00:00:00', '1001', '2015-11-23 00:00:00', 'N', null, null, '1111111111', null, '-1', 'N', '-1', null, null, null, 'I', '1', '31', '1', '-1', 'C', '电话外呼', '-1', '-1', '1001', '15.000000', 'M', '1016', '1', 'N', '15.000000', 'M', null, null, null, null, 'N', '0', '2015-11-23 00:00:00', null, 'N', 'N', 'N', null, null, null, null, null, null, null, null, null), ('3', 'l1', 'meeting meeting', '2015-11-23 00:00:00', '1017', '2015-11-23 00:00:00', 'N', null, null, '', null, '-1', 'N', '-1', null, null, null, 'I', '1', '0', '1', '-1', 'M', 'meeting', '-1', '-1', '1017', '15.000000', 'M', '1032', '1', 'N', '15.000000', 'M', null, null, null, null, 'N', '0', '2015-11-23 00:00:00', null, 'N', 'N', 'N', null, null, null, null, null, null, null, null, null), ('4', 'l2', 'haihiahiahiahiahaijaih', '2015-11-23 00:00:00', '1019', '2015-11-23 00:00:00', 'N', null, null, '', null, '-1', 'N', '-1', null, null, null, 'I', '1', '0', '1', '-1', 'C', 'haiahiahiahaihaiahiahi', '-1', '-1', '1019', '15.000000', 'M', '1034', '1', 'N', '15.000000', 'M', null, null, null, null, 'N', '0', '2015-11-23 00:00:00', null, 'N', 'N', 'N', null, null, null, null, null, null, null, null, null), ('5', 'c8888', '1111111111', '2015-11-23 00:00:00', '1021', '2015-11-23 00:00:00', 'N', null, null, '', null, '-1', 'N', '-1', null, null, null, 'I', '1', '0', '1', '-1', 'C', '1111111', '-1', '-1', '1021', '15.000000', 'M', '1036', '1', 'N', '15.000000', 'M', null, null, null, null, 'N', '0', '2015-11-23 00:00:00', null, 'N', 'N', 'N', null, null, null, null, null, null, null, null, null), ('6', 'C000001', null, '2015-12-15 00:00:00', '1543', '2015-12-15 00:00:00', 'N', null, null, '0000', null, '-1', 'N', '-1', null, null, null, 'I', '1', '63', '1', '-1', 'C', 'abcdefg', '-1', '-1', '1543', '15.000000', 'M', '1558', '1', 'N', '15.000000', 'M', null, null, null, null, 'N', '0', '2015-12-15 00:00:00', null, 'N', 'N', 'N', null, null, null, null, null, null, null, null, null), ('7', 'C20000', null, '2015-12-15 00:00:00', '1616', '2015-12-15 00:00:00', 'N', null, null, '010-67892000', null, '-1', 'N', '-1', null, null, null, 'I', '1', '1', '1', '1', 'C', '1111', '-1', '-1', '1616', '15.000000', 'M', '1631', '1', 'N', '15.000000', 'M', null, null, null, null, 'N', '0', '2015-12-15 00:00:00', null, 'Y', 'N', 'N', null, null, null, null, null, null, null, null, null), ('8', null, null, '2015-12-15 00:00:00', '1624', '2015-12-15 00:00:00', 'N', null, null, null, null, '-1', 'N', '-1', null, null, null, 'I', '1', null, '1', '-1', 'C', '666', '-1', '-1', '1624', '15.000000', 'M', '1639', '1', 'N', '15.000000', 'M', null, null, null, null, 'N', '0', '2015-12-15 00:00:00', null, 'Y', 'N', 'N', null, null, null, null, null, null, null, null, null), ('9', 'd000001', null, '2015-12-15 00:00:00', '1636', '2015-12-15 00:00:00', 'N', null, null, '03353212777', null, '-1', 'N', '-1', null, null, null, 'I', '4', '66', '1', '-1', 'C', null, '-1', '-1', '1636', '15.000000', 'M', '1651', '1', 'N', '15.000000', 'M', null, null, null, null, 'N', '0', '2015-12-15 00:00:00', null, 'N', 'N', 'N', null, null, null, null, null, null, null, null, null), ('10', '', null, '2015-12-15 00:00:00', '1624', '2015-12-15 00:00:00', 'N', null, null, null, null, '-1', 'N', '-1', null, null, null, 'I', '1', null, '1', '-1', 'C', '77', '-1', '-1', '1624', '15.000000', 'M', '1639', '1', 'N', '15.000000', 'M', null, null, null, null, 'N', '0', '2015-12-15 00:00:00', null, 'Y', 'N', 'N', null, null, null, null, null, null, null, null, null), ('11', '', null, '2015-12-15 00:00:00', '1638', '2015-12-15 00:00:00', 'N', null, null, null, null, '-1', 'N', '-1', null, null, null, 'I', '1', null, '1', '-1', 'C', null, '-1', '-1', '1638', '15.000000', 'M', '1653', '1', 'N', '15.000000', 'M', null, null, null, null, 'N', '0', '2015-12-15 00:00:00', null, 'Y', 'N', 'N', null, null, null, null, null, null, null, null, null), ('12', 'Z00001', null, '2015-12-18 00:00:00', '1130', '2015-12-18 00:00:00', 'Y', '2015-12-18 00:00:00', null, '3333555', null, '-1', 'N', '-1', null, null, null, 'I', '1', '3738', '1', '11', 'C', '88888888888888', '-1', '-1', '1130', '15.000000', 'M', '1145', '1', 'N', '15.000000', 'M', null, null, null, null, 'N', '0', '2015-12-18 00:00:00', null, 'N', 'N', 'N', null, null, null, null, null, null, null, null, null), ('13', '33', null, '2016-01-06 00:00:00', '1539', '2016-01-06 00:00:00', 'N', null, null, '', null, '-1', 'N', '-1', null, null, null, 'I', '1', '0', '1', '-1', 'C', null, '-1', '-1', '1539', '15.000000', 'M', '1554', '1', 'N', '15.000000', 'M', null, null, null, null, 'N', '0', '2016-01-06 00:00:00', null, 'N', 'N', 'N', null, null, null, null, null, null, null, null, null), ('10000000', 'C000001', null, '2015-12-15 00:00:00', null, null, 'N', null, null, null, null, '-1', 'N', '-1', null, null, null, 'N', null, null, null, '-1', 'C', 'abcd1234', '-1', '-1', null, null, 'M', null, '1', 'N', null, 'M', null, null, null, null, 'N', '0', null, null, 'N', 'N', 'N', null, null, null, null, null, null, null, null, null), ('10000001', null, null, '2015-12-15 00:00:00', null, null, 'N', null, null, null, null, '-1', 'N', '-1', null, null, null, 'N', null, null, null, '-1', 'C', 'abcd1234', '-1', '-1', null, null, 'M', null, '1', 'N', null, 'M', null, null, null, null, 'N', '0', null, null, 'N', 'N', 'N', null, null, null, null, null, null, null, null, null);
COMMIT;

-- ----------------------------
-- Table structure for OSLP
-- ----------------------------
DROP TABLE IF EXISTS `OSLP`;
CREATE TABLE `OSLP` (
`SlpCode`  smallint NOT NULL ,
`SlpName`  varchar(32) NOT NULL ,
`Memo`  varchar(50) NULL ,
`Commission`  decimal(19,6) NULL ,
`GroupCode`  smallint NULL ,
`Locked`  char(1) NULL ,
`DataSource`  char(1) NULL ,
`UserSign`  smallint NULL ,
`EmpID`  int NULL ,
PRIMARY KEY (`SlpCode`)
)

;

-- ----------------------------
-- Records of OSLP
-- ----------------------------
BEGIN;
INSERT INTO `OSLP` VALUES ('-1', '-无销售员工-', null, '.000000', '0', 'Y', 'N', '1', null), ('1', '张涛', '销售经理', '10.000000', '1', 'N', 'I', '1', null), ('2', '李慧', '销售代表', '8.000000', '2', 'N', 'I', '1', null), ('3', '阳杨', '销售代表', '8.000000', '2', 'N', 'I', '1', null), ('4', '王勤', '销售代表', '5.000000', '3', 'N', 'I', '1', null), ('5', '钱国钧', '采购经理', '.000000', '0', 'N', 'I', '1', null), ('6', 'lixueyong', null, '.000000', '0', 'N', 'I', '1', null), ('7', '蔡立勇', null, '.000000', '0', 'N', 'I', '1', null), ('8', '陈伟弘', null, '.000000', '0', 'N', 'I', '1', null), ('9', '崔浩然', null, '.000000', '0', 'N', 'I', '1', null), ('10', '孙哲', null, '.000000', '0', 'N', 'I', '1', null), ('11', '李文博', null, '.000000', '0', 'N', 'I', '1', null), ('12', '刘明明', null, '.000000', '0', 'N', 'I', '1', null), ('13', '张晶晶', null, '.000000', '0', 'N', 'I', '1', null), ('14', '李学勇', null, '.000000', '0', 'N', 'I', '1', null), ('15', '于涛', null, '.000000', '0', 'N', 'I', '1', null);
COMMIT;

-- ----------------------------
-- Table structure for OUSR
-- ----------------------------
DROP TABLE IF EXISTS `OUSR`;
CREATE TABLE `OUSR` (
`INTERNAL_K`  int NOT NULL ,
`PASSWORD`  varchar(254) NULL ,
`PASSWORD1`  varchar(8) NULL ,
`PASSWORD2`  varchar(8) NULL ,
`USERID`  smallint NOT NULL ,
`USER_CODE`  varchar(8) NOT NULL ,
`U_NAME`  varchar(30) NULL ,
`GROUPS`  smallint NULL ,
`PASSWORD4`  varchar(254) NULL ,
`ALLOWENCES`  longtext NULL ,
`SUPERUSER`  char(1) NULL ,
`DISCOUNT`  decimal(19,6) NULL ,
`PASSWORD3`  varchar(8) NULL ,
`Info1File`  varchar(4) NULL ,
`Info1Field`  smallint NULL ,
`Info2File`  varchar(4) NULL ,
`Info2Field`  smallint NULL ,
`Info3File`  varchar(4) NULL ,
`Info3Field`  smallint NULL ,
`Info4File`  varchar(4) NULL ,
`Info4Field`  smallint NULL ,
`dType`  char(1) NULL ,
`E_Mail`  varchar(100) NULL ,
`PortNum`  varchar(50) NULL ,
`OutOfOffic`  char(1) NULL ,
`SendEMail`  char(1) NULL ,
`SendSMS`  char(1) NULL ,
`DfltsGroup`  varchar(8) NULL ,
`CashLimit`  char(1) NULL ,
`MaxCashSum`  decimal(19,6) NULL ,
`Fax`  varchar(20) NULL ,
`SendFax`  char(1) NULL ,
`Locked`  char(1) NULL ,
`Department`  smallint NULL ,
`Branch`  smallint NULL ,
`UserPrefs`  longblob NULL ,
`Language`  smallint NULL ,
`Charset`  smallint NULL ,
`OpenCdt`  char(1) NULL ,
`CdtPrvDays`  int NULL ,
`DsplyRates`  char(1) NULL ,
`AuImpRates`  char(1) NULL ,
`OpenDps`  char(1) NULL ,
`RcrFlag`  char(1) NULL ,
`CheckFiles`  char(1) NULL ,
`OpenCredit`  char(1) NULL ,
`CreditDay1`  smallint NULL ,
`CreditDay2`  smallint NULL ,
`WallPaper`  longtext NULL ,
`WllPprDsp`  smallint NULL ,
`AdvImagePr`  char(1) NULL ,
`ContactLog`  char(1) NULL ,
`LastWarned`  datetime NULL ,
`AlertPolFr`  smallint NULL ,
`ScreenLock`  smallint NULL ,
`ShowNewMsg`  char(1) NULL ,
`Picture`  varchar(200) NULL ,
`Position`  varchar(90) NULL ,
`Address`  varchar(100) NULL ,
`Country`  varchar(3) NULL ,
`Tel1`  varchar(20) NULL ,
`Tel2`  varchar(20) NULL ,
`GENDER`  char(1) NULL ,
`Birthday`  datetime NULL ,
`EnbMenuFlt`  char(1) NULL ,
`objType`  varchar(20) NULL ,
`logInstanc`  smallint NULL ,
`userSign`  smallint NULL ,
`createDate`  datetime NULL ,
`userSign2`  smallint NULL ,
`updateDate`  datetime NULL ,
`OneLogPwd`  char(1) NULL ,
`lastLogin`  datetime NULL ,
`LastPwds`  varchar(254) NULL ,
`LastPwds2`  varchar(254) NULL ,
`LastPwdSet`  datetime NULL ,
`FailedLog`  int NULL ,
`PwdNeverEx`  char(1) NULL ,
PRIMARY KEY (`INTERNAL_K`)
)

;

-- ----------------------------
-- Records of OUSR
-- ----------------------------
BEGIN;
INSERT INTO `OUSR` VALUES ('1', 'E362C4E2529C756FE51645701C5D10EF15928E6F', null, null, '1', 'manager', 'manager', '0', null, '', 'Y', '100.000000', null, null, '0', null, '0', null, '0', null, '0', 'H', null, null, 'N', 'N', 'N', null, 'N', '.000000', null, 'N', 'N', '-2', '-2', 0x850000001000000048000000C8280000310030003000300030000000000000000000000000000000000000000000000000000000000000000000000001000000BD0100009200000079030000A901000009000000000000003100300030003000300030003000360000000000000000000000000000000000000000000000000000000000010000005E0100005500000087030000CC0100000800000000000000310030003000300030003000300037000000000000000000000000000000000000000000000000000000000001000000C2010000F10000003D0300009501000008000000000000003100300030003000300030003100300000000000000000000000000000000000000000000000000000000000010000000E0100003300000077030000E5010000080000000C000000310030003000300030003000310032000000000000000000000000000000000000000000000000000000000001000000000000000000000000000000000000000000000098010000310030003000300030003000310033000000000000000000000000000000000000000000000000000000000001000000760000002F000000A4020000AB0100000800000000000000310030003000300030003000310034000000000000000000000000000000000000000000000000000000000001000000C7010000D200000041030000720100000800000000000000310030003000300030003000310035000000000000000000000000000000000000000000000000000000000001000000B500000070000000F8030000B901000008000000000000003100300030003000300030003700350000000000000000000000000000000000000000000000000000000000010000001403000044010000D8030000F90100000800000000000000310030003000300031000000000000000000000000000000000000000000000000000000000000000000000001000000750100008C00000031030000A30100000800000000000000310030003000310031000000000000000000000000000000000000000000000000000000000000000000000001000000A00100008D0000005C030000A40100000800000000000000310030003000320030000000000000000000000000000000000000000000000000000000000000000000000001000000750100008C00000031030000A30100000800000000000000310030003000360030000000000000000000000000000000000000000000000000000000000000000000000001000000F60000008C000000B2020000A30100000800000000000000310030003000360030003100300035000000000000000000000000000000000000000000000000000000000001000000FA010000E50000001F030000660100000800000068000000310030003000360032000000000000000000000000000000000000000000000000000000000000000000000001000000A00100008D0000005C030000A40100000800000000000000310030003100310030000000000000000000000000000000000000000000000000000000000000000000000001000000A00100008D0000005C030000A4010000080000000000000031003200300030003000300030003500000000000000000000000000000000000000000000000000000000000100000091010000C60000006D030000BD010000080000000000000031003200300030003600300038003000330000000000000000000000000000000000000000000000000000000100000072010000C50000008D030000C20100000800000000000000310032003000300036003000380030003600000000000000000000000000000000000000000000000000000001000000670100009E000000810300009701000008000000000000003100330033000000000000000000000000000000000000000000000000000000000000000000000000000000010000009F00000008000000EB0200000A0200000800000030000000310033003400000000000000000000000000000000000000000000000000000000000000000000000000000001000000D60000000600000045030000D701000008000000000000003100330036000000000000000000000000000000000000000000000000000000000000000000000000000000010000008A01000006000000180300000A02000008000000100000003100330038000000000000000000000000000000000000000000000000000000000000000000000000000000010000001E0000004E000000E40200009901000008000000100000003100330039000000000000000000000000000000000000000000000000000000000000000000000000000000010000009F00000019000000EB0200000D0200000800000030000000310034003000300030003000300038000000000000000000000000000000000000000000000000000000000001000000BC000000AC000000D70200008D0100000800000000000000310034003300000000000000000000000000000000000000000000000000000000000000000000000000000001000000000000000000000000000000000000000000000000000000310034003600000000000000000000000000000000000000000000000000000000000000000000000000000001000000000000000000000000000000000000000000000000000000310034003900000000000000000000000000000000000000000000000000000000000000000000000000000001000000ED00000015000000390300000902000008000000300000003100350030000000000000000000000000000000000000000000000000000000000000000000000000000000010000008C0000001A000000F8020000F701000008000000000000003100360031000000000000000000000000000000000000000000000000000000000000000000000000000000010000002401000064000000AD030000C2010000080000000C000000310036003300000000000000000000000000000000000000000000000000000000000000000000000000000001000000620100006900000085030000BD01000008000000020000003100360034000000000000000000000000000000000000000000000000000000000000000000000000000000010000005D0100006400000087030000C20100000800000002000000310036003500000000000000000000000000000000000000000000000000000000000000000000000000000001000000630100008D00000084030000A401000008000000780000003100360036000000000000000000000000000000000000000000000000000000000000000000000000000000010000004B0100004700000094030000D10100000800000000000000310036003900000000000000000000000000000000000000000000000000000000000000000000000000000001000000000000000000000016010000A001000008000000000000003100370030000000000000000000000000000000000000000000000000000000000000000000000000000000010000003E010000130000009D030000FC0100000800000004000000310037003200000000000000000000000000000000000000000000000000000000000000000000000000000001000000000000000000000000000000000000000000000000000000310037003400000000000000000000000000000000000000000000000000000000000000000000000000000001000000410100006700000084030000AB01000008000000000000003100390036000000000000000000000000000000000000000000000000000000000000000000000000000000010000000000000000000000000000000000000000000000000000003100390038000000000000000000000000000000000000000000000000000000000000000000000000000000010000002002000000000000AA0300004F010000080000000000000032003000300030003400000000000000000000000000000000000000000000000000000000000000000000000100000024010000740000008C020000D4010000080000000C050000320030003200000000000000000000000000000000000000000000000000000000000000000000000000000001000000A30100008E0000005B030000B00100000800000000000000320030003200340030000000000000000000000000000000000000000000000000000000000000000000000001000000000000000000000000000000000000000000000000000000320030003200350039000000000000000000000000000000000000000000000000000000000000000000000001000000000000000000000000000000000000000000000000000000320030003700300030000000000000000000000000000000000000000000000000000000000000000000000001000000AA01000056000000110300006C0100000800000000000000320030003700300031000000000000000000000000000000000000000000000000000000000000000000000001000000B4010000AA0000004A030000BE0100000800000000000000320032003900000000000000000000000000000000000000000000000000000000000000000000000000000001000000AF010000720000002E040000D10100000800000000000000320033003000300030003000300030003200000000000000000000000000000000000000000000000000000001000000000000000000000000000000000000000000000000000000320034003700000000000000000000000000000000000000000000000000000000000000000000000000000001000000100100006C00000053030000B001000008000000000000003200360038000000000000000000000000000000000000000000000000000000000000000000000000000000010000003201000061000000A5030000C30100000800000002000000330031000000000000000000000000000000000000000000000000000000000000000000000000000000000001000000720100002B000000E80300007801000008000000000000003300320030000000000000000000000000000000000000000000000000000000000000000000000000000000010000008000000053000000E6020000D00100000800000000000000330036003500000000000000000000000000000000000000000000000000000000000000000000000000000001000000620100006900000085030000BD0100000800000002000000330037003000000000000000000000000000000000000000000000000000000000000000000000000000000001000000100100007E000000BB030000AF01000008000000BE0100003300370032000000000000000000000000000000000000000000000000000000000000000000000000000000010000003201000080000000A4030000AD01000008000000BE0100003300390032000000000000000000000000000000000000000000000000000000000000000000000000000000010000000F000000130000004B030000FB0100000800000000030000330039003300000000000000000000000000000000000000000000000000000000000000000000000000000001000000B90000000B000000F50300000B0200000800000000030000340030003000300035000000000000000000000000000000000000000000000000000000000000000000000001000000B40000002B000000240300008B0100000800000018010000340032003000000000000000000000000000000000000000000000000000000000000000000000000000000001000000630100008D00000084030000A40100000800000078000000340032003200000000000000000000000000000000000000000000000000000000000000000000000000000001000000640200000F010000A70400005302000008000000000000003400320036000000000000000000000000000000000000000000000000000000000000000000000000000000010000003E010000130000009D030000FC01000008000000040000003500300031000000000000000000000000000000000000000000000000000000000000000000000000000000010000001901000064000000B6030000C20100000800000000000000350030003200000000000000000000000000000000000000000000000000000000000000000000000000000001000000C2010000D0000000450300007501000008000000E400000035003000330000000000000000000000000000000000000000000000000000000000000000000000000000000100000042010000860000009A030000A90100000800000000000000360030003000300038000000000000000000000000000000000000000000000000000000000000000000000001000000000000000000000000000000000000000000000000000000360030003000370031000000000000000000000000000000000000000000000000000000000000000000000001000000820100004B0000007B030000950100000800000000000000360030003100000000000000000000000000000000000000000000000000000000000000000000000000000001000000000000000000000000000000000000000000000000000000360030003100300030000000000000000000000000000000000000000000000000000000000000000000000001000000630100002700000083030000ED0100000800000000000000360030003100300035000000000000000000000000000000000000000000000000000000000000000000000001000000FA010000E50000001F03000066010000080000006800000036003000310030003600000000000000000000000000000000000000000000000000000000000000000000000100000058010000690000008C030000BE010000080000000000000036003000310030003700000000000000000000000000000000000000000000000000000000000000000000000100000058010000690000008C030000BD0100000800000000000000360030003100300038000000000000000000000000000000000000000000000000000000000000000000000001000000CB010000C80000003F0300007A010000080000001201000036003000310030003900000000000000000000000000000000000000000000000000000000000000000000000100000058010000690000008C030000BD010000080000000000000036003000310031003000000000000000000000000000000000000000000000000000000000000000000000000100000033010000490000009C030000D9010000080000000000000036003000310032003500000000000000000000000000000000000000000000000000000000000000000000000100000000000000000000000000000000000000000000000000000036003000310032003600000000000000000000000000000000000000000000000000000000000000000000000100000000000000000000000000000000000000000000000000000036003000310034003300000000000000000000000000000000000000000000000000000000000000000000000100000030010000680000005F030000BE0100000800000000000000360030003100350030000000000000000000000000000000000000000000000000000000000000000000000001000000000000000000000000000000000000000000000000000000360030003100350036000000000000000000000000000000000000000000000000000000000000000000000001000000080100007A000000A6020000B20100000800000000000000360030003100360032000000000000000000000000000000000000000000000000000000000000000000000001000000740000006900000008030000BD0100000800000000000000360030003200300030000000000000000000000000000000000000000000000000000000000000000000000001000000720100007B00000033030000B10100000800000000000000360030003400000000000000000000000000000000000000000000000000000000000000000000000000000001000000730100003F0000007A030000D90100000800000000000000360030003400310034000000000000000000000000000000000000000000000000000000000000000000000001000000000000000000000000000000000000000000000000000000360030003400320031000000000000000000000000000000000000000000000000000000000000000000000001000000040100005A000000470300009C010000080000000000000036003000340032003200000000000000000000000000000000000000000000000000000000000000000000000100000031010000550000002B030000A20100000800000000000000360033003600000000000000000000000000000000000000000000000000000000000000000000000000000001000000B70100008500000006030000B50100000800000000000000360035003100000000000000000000000000000000000000000000000000000000000000000000000000000001000000620100003500000081030000940100000800000000000000360035003200310031000000000000000000000000000000000000000000000000000000000000000000000001000000000000000000000000000000000000000000000000000000360036003600000000000000000000000000000000000000000000000000000000000000000000000000000001000000040100005A000000480300009E01000008000000000000003600370030000000000000000000000000000000000000000000000000000000000000000000000000000000010000007A0100006700000074030000C0010000080000000000000036003800300000000000000000000000000000000000000000000000000000000000000000000000000000000100000081010000180100007D03000021020000080000000000000036003800330000000000000000000000000000000000000000000000000000000000000000000000000000000100000043000000970000002C0300009D01000008000000000000003600390035000000000000000000000000000000000000000000000000000000000000000000000000000000010000009C00000054000000ED020000CC0100000800000000000000370030000000000000000000000000000000000000000000000000000000000000000000000000000000000001000000CF01000048010000310300001F02000008000000000000003700300030000000000000000000000000000000000000000000000000000000000000000000000000000000010000004E0100007300000091030000B70100000800000000000000370030003400000000000000000000000000000000000000000000000000000000000000000000000000000001000000520100000D0000008F0300000002000008000000000000003700310030000000000000000000000000000000000000000000000000000000000000000000000000000000010000000000000000000000000000000000000000000000000000003700350000000000000000000000000000000000000000000000000000000000000000000000000000000000010000006C010000880000007D030000A7010000080000000000000037003500300000000000000000000000000000000000000000000000000000000000000000000000000000000100000054010000670000008E030000BF0100000800000000000000370035003100000000000000000000000000000000000000000000000000000000000000000000000000000001000000E1010000B0000000300300006F0100000800000000000000370035003200000000000000000000000000000000000000000000000000000000000000000000000000000001000000D0010000C80000003B0300007901000008000000F80C00003800300030000000000000000000000000000000000000000000000000000000000000000000000000000000010000007A0100009A000000740300009B0100000800000000000000380030003000310000000000000000000000000000000000000000000000000000000000000000000000000001000000640200000F010000A7040000530200000800000000000000380030003000310031000000000000000000000000000000000000000000000000000000000000000000000001000000450100005700000097030000CB010000080000000200000038003000300032003600000000000000000000000000000000000000000000000000000000000000000000000100000069010000E00000007F0300006801000008000000000000003800300030003200380000000000000000000000000000000000000000000000000000000000000000000000010000004B0100001F00000093030000F20100000800000000000000380030003000330000000000000000000000000000000000000000000000000000000000000000000000000001000000A400000073000000E7020000B70100000800000000000000380030003000330031000000000000000000000000000000000000000000000000000000000000000000000001000000C6010000D400000042030000710100000800000094000000380030003000330032000000000000000000000000000000000000000000000000000000000000000000000001000000480100006100000095030000C40100000800000010000000380030003000340033000000000000000000000000000000000000000000000000000000000000000000000001000000F1000000000000003E030000DB0100000800000000000000380030003100380030000000000000000000000000000000000000000000000000000000000000000000000001000000BF0100009D000000470300009901000008000000000000003800300031003800310000000000000000000000000000000000000000000000000000000000000000000000010000007D0100006D0000001B040000CC010000080000000000000038003000330030003300000000000000000000000000000000000000000000000000000000000000000000000100000032010000D200000089020000720100000800000000000000380030003400000000000000000000000000000000000000000000000000000000000000000000000000000001000000640100001D000000FB030000FA01000008000000000000003800300039000000000000000000000000000000000000000000000000000000000000000000000000000000010000001501000062000000B7030000C2010000080000001C0000003800310030000000000000000000000000000000000000000000000000000000000000000000000000000000010000005A010000CC0000006E020000770100000800000000000000380031003100000000000000000000000000000000000000000000000000000000000000000000000000000001000000EE00000066000000B7020000BF01000008000000000000003800310039000000000000000000000000000000000000000000000000000000000000000000000000000000010000000B01000087000000A3020000A901000008000000C8000000380032003000000000000000000000000000000000000000000000000000000000000000000000000000000001000000DD0000008E000000C1020000A40100000800000000000000380032003100000000000000000000000000000000000000000000000000000000000000000000000000000001000000E70000009E000000BC020000EB0100000800000000000000380032003300000000000000000000000000000000000000000000000000000000000000000000000000000001000000C700000070000000D1020000B90100000900000000000000380035003900000000000000000000000000000000000000000000000000000000000000000000000000000001000000000000000000000000000000000000000000000000000000380036003500000000000000000000000000000000000000000000000000000000000000000000000000000001000000A400000073000000E7020000B70100000800000000000000380036003600000000000000000000000000000000000000000000000000000000000000000000000000000001000000470100007200000040030000D30100000800000000000000380039003000000000000000000000000000000000000000000000000000000000000000000000000000000001000000040100005A000000470300009C0100000800000000000000390030003600000000000000000000000000000000000000000000000000000000000000000000000000000001000000000000000000000000000000000000000000000000000000390032000000000000000000000000000000000000000000000000000000000000000000000000000000000001000000A5010000C8000000DA020000760100000800000034030000390035003100000000000000000000000000000000000000000000000000000000000000000000000000000001000000DE00000042000000CB030000B501000008000000000000003900360030000000000000000000000000000000000000000000000000000000000000000000000000000000010000002C01000064000000A9030000C1010000080000002C010000390036003100000000000000000000000000000000000000000000000000000000000000000000000000000001000000EE00000056000000D2030000CC01000008000000200000003900370036000000000000000000000000000000000000000000000000000000000000000000000000000000010000002F0100006200000060030000C2010000080000000000000039003900380000000000000000000000000000000000000000000000000000000000000000000000000000000100000075020000DA000000BD030000270200000800000000000000390039003900390039003900000000000000000000000000000000000000000000000000000000000000000001000000750000005100000008030000CE0100000800000000000000010000000500000007000000000000000000000000000000000000000000000000000000000000000000000000000000000000000000000000000000000000000000000000000000000000000000000000000000000000000000000000000000000000000000000000000000000000000000000000000000000000000000000000000000000000000000000000000000000000000000000000000000000000000000000000000000000000000000000000000000000000000000000000000000000000000000000000000000000000000000000000000000000000000000000000000000000000000000000000000000000000000000000000000000000000000000000000000000000000000000000000000000000000000000000000000000000000000000000000000000000000000000000000000000000000000000000000000000000000000000000000000000000000000000000000000000000000000000000000000000000000000000000000000000000000000000000000000000000000000000000000000000000000000000000000000000000000000000000000000000000000000000000000000000000000000000000000000000000000000000000000000000000000000000000000000000000000003000000000000000000000000000300000000000000000000000000030000000000000000000000000000000000000000000000033003800000000000000000000000000000000004E000000290000003400380000000000000000000000000000000000030000000100000000000000000000000600000000000000000000000000000033003800000000000000000000000000000000004E00000029000000340038000000000000000000000000000000000033003900000000000000000000000000000000004E0000002900000034003800000000000000000000000000000000004C000000000000000000000001000100520059004E0033004E004E004E002000200020002000200020002000200000002000200020002000200020002000200000002000200020002000200020002000200000002000200020002000200020002000200000000000FFFFFFFF000000003100320030000000000000000000000000000000300000004E0000000000000000000000020000000000000000000000000000000000000000000000000000000000000000000000000000000000000000000000000000000000000000000000000000000000000000000000000000000000000000000000000000000000000000000000000000000000000000000000000000000000000000000000000000000000000000000000000000000000000000000000000000000000000000000000000000000000000000000000000000000000000000000000000000000000000000000000000000000000000000000000000000000000000000000000000000000000000000000000000000000000000000000000000000000000000000000000000000000000000000000000000000000000000000000000000000000000000000000000000000000000000000000000000000000000000000000000000000000000000000000000000000000000000000000000000000000000000000000000000000000000000000000000000000000000000000000000000000000000000000000000000000000000000000000000000000000000000000000000000000000000000000000000000000000000000000000000000000000000000000000000000000000000000000000000000000000000000000000000000000000000000000000000000000000000000000000000000000000000000000000000000000000000000000000000000000000000000000000000000000000000000000000000000000000000000000000000000000000000000000000000000000000000000000000000000000000000000000000000000000000000000000000000000000000000000000000000000000000000000000000000000000000000000000000000000000000000000001000000300000009E211E0E400000000200000031000000DC46280007000000BF4C9F4483D1980F434F9F441B035377AF4C9F4483D1980FFFFFFFFF3EF4990FF046280073F3990FD74C9F44E84A280048472800144B2800E4DC990F00000000004B2800E2F9D577F74C9F4483D1980FEF4C9F4483D1980F3814C575BC1300004847280000000000174D9F4483D1980F0F4D9F4483D1980FE84A280048472800AC4A2800375FC20F01000000DF2A9A0F2F4D9F441C4B2800C0CFAA04E0E72F0F7A041700F0FFFFFFF0FFFFFF704728008F6F6C77C0CFAA0400000000F0FFFFFF0000000000000000E0E72F0FC0CFAA04C0CFAA04B04728001B706C77C0CFAA0400000000F0FFFFFF27706C771A6DB35900000000E0E72F0F7A041700884728007A041700E448280055016E779A5AF72EFEFFFFFFA60D6D77B80D6D7700000000E1CBFB7400000000B90BFC748D0CFC749B4C9F448024D50F104828004615C20F8B4C9F447C4828001C4828004615C20FFFFFFFFF8DEE990F2C48280073F3990F1F429F447C4828004C482800000000008414C57500000000000086080000000054482800D040C20FFFFFFFFF00000000A45D2800E67C8D0FF34C9F447430130EEB4C9F444615C20F844828004615C20FFFFFFFFFABCF980FA45D2800E8CF980F000000007430130E000000003EF5D6773AF48B795449280000000000000000000000000000FFFFFFF0000000F0005277000000006C482800FFFFFFFFF8482800CD1EDB775A72750EFEFFFFFF3EF5D6777F31D77701000000F0005277F00052776021E477BC49280008492800561AD8776021E477461AD8779AF58B795449280000000000000000000100C40604000000A243F700D448280001696C7744502800050002000101000000000000000000000000000000000000000000000000000000000000000000000000000000000000000000000000000000000000000000000000000000002300230000000000000000000000000000000000000000000000300000000000000000000000000030000000000000000000000000004E004E004E004E004E004E004E004E004E004E004E004E004E004E004E004E004E004E004E004E004E004E004E004E004E004E004E004E004E004E004E004E004E004E004E004E004E004E004E004E004E004E004E004E004E004E004E004E004E004E004E004E004E004E004E004E004E004E004E004E004E004E004E004E0059004E004E003500350030003300300032000000000000000000000000000000000000000000350035003000330030003200000000000000000000000000000000000000000035003500300033003000320000000000000000000000000000000000000000003500350030003300300032000000000000000000000000000000000000000000350035003000330030003200000000000000000000000000000000000000000035003500300033003000320000000000000000000000000000000000000000000101000000000000000000000000000000000000000000000000000000000000000000000000000000000000000000000000000000000000000000000000000000002300230000000000000000000000000000000000000000000000300000000000000000000000000030000000000000000000000000004E004E004E004E004E004E004E004E004E004E004E004E004E004E004E004E004E004E004E004E004E004E004E004E004E004E004E004E004E004E004E004E004E004E004E004E004E004E004E004E004E004E004E004E004E004E004E004E004E004E004E004E004E004E004E004E004E004E004E004E004E004E004E004E0059004E004E000000000000000000000000000000000000000000000000000000000000000000000000000000000000000000000000000000000000000000000000000000000000000000000000000000000000000000000000000000000000000000000000000000000000000000000000000000000000000000000000000000000000000000000000000000000000000000000000000000000000000000000000000000000000000000000000000000000000000000000000000000000000000000000000000000010000000001010000000000000000000000000000000000000000000000000000000000000000000000000000000000000000000000000000000000000000000000000000000000000000000000000000000000000000000000000000000000000000000000000000000000000000000000000000000000000000000000000000000000000000000000000000000000000000000000000000000000000000000000000000000000000000000000000000000000000000000000000000000000000000000000000000000000000000000000000000000000000000000000000000000000000000000000000000000000000000000000000000000000000000000000000000000000000000000000000000000000000000000000000000000000000000000000000000000000000000000000000000000000000000000000000000000000000000000000000000000000000000000000000000000000000000000000000000000000000000000000000000000000000000000000000000000000000000000000000000000000000000000000000000000000000000000000000000000000000000000000000000000000000000000000000000000000000000000000000000000000000000000000000000000000000000000000000000000000000000000000000000000000000000000000000000000000000000000000000000000000000000000000000000000000000000000000000000000000000000000000000000000000000000000000000000000000000000000000000000000000000000000000000000000000000000000000000000000000000000000000000000000000000000000000000000000000000000000000000000000000000000000000000000000000000000000000000000000000000000000000000000000000000000000000000000000000000000000000000000000000000000000000000000000000000000000000000000000000000000000000000000000000000000000000000000000000010037003600380000000000000000000000000000000000010000000001010000000000000000000000000000000000000000000000000000000000000000000000000000000000000000000000000000000000000000000000000000000000000000000000000000000000000000000000000000000000000000000000000000000000000000000000000000000000000000000000000000000000000000000000000000000000000000000000000000000000000000000000000000000000000000000000000000000000000000000000000000000000000000000000000000000000000000000000000000000000000000000000000000000000000000000000000000000000000000000000000000000000000000000000000000000000000000000000000000000000000000000000000000000000000000000000000000000000000000000000000000000000000000000000000000000000000000000000000000000000000000000000000000000000000000000000000000000000000000000000000000000000000000000000000000000000000000000000000000000000000000000000000000000000000000000000000000000000000000000000000000000000000000000000000000000000000000000000000000000000000000000000000000000000000000000000000000000000000000000000000000000000000000000000000000000000000000000000000000000000000000000000000000000000000000000000000000000000000000000000000000000000000000000000000000000000000000000000000000000000000000000000000000000000000000000000000000000000000000000000000000000000000000000000000000000000000000000000000000000000000000000000000000000000000000000000000000000000000000000000000000000000000000000000000000000000000000000000000000000000000000000000000000000000000000000000000000000000000000000000000000000000000000000000000000000000010037003600380000000000000000000000000000003100000030003100310031003100310030000000020031000000000000000000FFFFCC00D7EAEA00FFFAFA00300030003000300000003000300030003000000030003800300030000000310037003000300000003000380030003000000031003700300030000000300038003000300000003100370030003000000030003800300030000000310037003000300000003000380030003000000031003700300030000000300038003000300000003100330030003000000032003800300000000100010000000000000000000000000000000000000000000000000000000000000000000000000000000000000030003000300030003000300030000000000001000000010000000100000000000000000000000000000052004E004E0033004E004E004E002000200020002000200020002000200000002000200020002000200020002000200000002000200020002000200020002000200000002000200020002000200020002000200000000000FDFFFFFF000000003100320030000000000000000000000000000000300000004E0000000000000000000000000000000000000000000000000000000000000000000000000000000000000000000000000000000000000000000000000000000000000000000000000000000000000000000000000000000000000000000000000000000000000032003000310035003000310030003100000032003000310035003100320033003100000032003000310035003100320030003100000032003000310035003100320033003100000032003000310035003000310030003100000032003000310035003100320033003100000032003200380000000000000000000000000000003000000000000000000000000000300000000000000000000000000030000000000000000000000000000000000000000000000000000000000000000000000000000000000000000000000000000000000000000000000000000000000000000000000000000000000000000000000000000000000000000000000000000000000000000000000000000000000000000000000000000000000000000000000000000000000000000000000000000000000000000000000000000000300000000000000000000000000030000000000000000000000000000000000000000000000000000000000000000000000000000000000000000000000000000000000000000000000000000000000000000000000000000000000000000000000000000000000000000000000000000000000000000000000000000000000000000000000000000000000000000000000000000000000000000000000000000000000000000000000000000000000000000000000000000000000000003200300031003500310032003200320000003200300031003500310032003300310000000000000000000000000000000000000000000000000000000000000000000000000000000000000000000000000000001E0000000000000000000000000000000000000000000000000000000000000000000000000000000000000000000000000000000000000000000000000000000000000000000000000000000000000000000000000000000000000000000000000000000000000000000000000000000000000000000000000000000000000000000000000000000000000000000000000000000000000000000000000000000000000000000000000000000000000000000000000000000000000000000000000000000000000000000000000000000000000000000000000000000000000000000000000000000000000000000000000000000000000000000000000000000000000000000000000000000000000000000000000000000000000000000000000000000000000000000000000000000000000000000000000000000000000000000000000000000000000000000000000000000000000000000000000000000000000000000000000000000000000000000000000000000000000000000000000000000000000000000000000000000000000000000000000000000000000000000000000000000000000000000000000000000000000000000000000000000000000000000000000000000000000000000000000000000000000000000000000000000000000000000000000000000000000000000000000000000000000000000000000000000000000000000000000000000000000000000000000000000000000000000000000000000000000000000000000000000000000000000000000000000000000000000000000000000000000000000000000000000000000000000000000000000000000000000000000000000000000000000000000000000000000000000000000000000000000000000000000000000000000000000000000000000000000000000000000000000000000000000000000000000000000000000000000000000000000000000000000000000000000000000000000000000000000000000000000000000000000000000000000000000000000000000000000000000000000000000000000000000000000000000000000000000000000000000000000000000000000000000000000000000000000000000000000000000000000000000000000000000000000000000000000000000000000000000000000000000000000000000000000000000000000000000000000000000000000000000000000000000000000000000000000000000000000000000000000000000000000000000000000000000000000000000000000000000000000000000000000000000000000000000000000000000000000000000000000000000000000000000000000000000000000000000000000000000000000000000000000000000000000000000000000000000000000000000000000000000000000000000000000000000000000000000000000000000000000000000000000000000000000000000000000000000000000000000000000000000000000000000000000000000000000000000000000000000000000000000000000000000000000000000000000000000000000000000000000000000000000000000000000000000000000000000000000000000000000000000000000000000000000000000000000000000000000000000000000000000000000000000000000000000000000000000000000000000000000000000000000000000000000000000000000000000000000000000000000000000000000000000000000000000000000000000000000000000000000000000000000000000000000000000000000000000000000000000000000000000000000000000000000000000000000000000000000000000000000000000000000000000000000000000000000000000000000000000000000000000000000000000000000000000000000000000000000000000000000000000000000000000000000000000000000000000000000000000000000000000000000000000000000000000000000000000000000000000000000000000000000000000000000000000000000000000000000000000000000000000000000000000000000000000000000000000000000000000000000000000000000000000000000000000000000000000000000000000000000000000000000000000000000000000000000000000000000000000000000000000000000000000000000000000000000000000000000000000000000000000000000000000000000000000000000000000000000000000000000000000000000000000000000000000000000000000000000000000000000000000000000000000000000000000000000000000000000000000000000000000000000000000000000000000000000000000000000000000000000000000000000000000000000000000000000000000000000000000000000000000000000000000000000000000000000000000000000000000000000000000000000000000000000000000000000000000000000000000000000000000000000000000000000000000000000000000000000000000000000000000000000000000000000000000000000000000000000000000000000000000000000000000000000000000000000000000000000000000000000000000000000000000000000000000000000000000000000000000000000000000000000000000000000000000000000000000000000000000000000000000000000000000000000000000000000000000000000000000000000000000000000000000000000000000000000000000000000000000000000000000000000000000000000000000000000000000000000000000000000000000000000000000000000000000000000000000000000000000000000000000000000000000000000000000000000000000000000000000000000000000000000000000000000000000000000000000000000000000000000000000000000000000000000000000000000000000000000000000000000000000000000000000000000000000000000000000000000000000000000000000000000000000000000000000000000000000000000000000000000000000000000000000000000000000000000000000000000000000000000000000000000000000000000000000000000000000000000000000000000000000000000000000000000000000000000000000000000000000000000000000000000000000000000000000000000000000000000000000000000000000000000000000000000000000000000000000000000000000000000000000000000000000000000000000000000000000000000000000000000000000000000000000000000000000000000000000000000000000000000000000000000000000000000000000000000000000000000000000000000000000000000000000000000000000000000000000000000000000000000000000000000000000000000000000000000000000000000000000000000000000000000000000000000000000000000000000000000000000000000000000000000000000000000000000000000000000000000000000000000000000000000000000000000000000000000000000000000000000000000000000000000000000000000000000000000000000000000000000000000000000000000000000000000000000000000000000000000000000000000000000000000000000000000000000000000000000000000000000000000000000000000000000000000000000000000000000000000000000000000000000000000000000000000000000000000000000000000000000000000000000000000000000000000000000000000000000000000000000000000000000000000000000000000000000000000000000000000000000000000000000000000000000000000000000000000000000000000000000000000000000000000000000000000000000000000000000000000000000000000000000000000000000000000000000000000000000000000000000000000000000000000000000000000000000000000000000000000000000000000000000000000000000000000000000000000000000000000000000000000000000000000000000000000000000000000000000000000000000000000000000000000000000000000000000000000000000000000000000000000000000000000000000000000000000000000000000000000000000000000000000000000000000000000000000000000000000000000000000000000000000000000000000000000000000000000000000000000000000000000000000000000000000000000000000000000000000000000000000000000000000000000000000000000000000000000000000000000000000000000003003200300031003500310032003200320000003200300031003500310032003300310000000000000000000000000000000000000000000000000000000000000000000000000000000000000000000000000000002D00310000000000000000000000000000000000000000000000000000000000000000000000000000004E0031003400380000000000000000000000000000004C00000000000000000000001000000001010100320000003200300031003500300031003000310000000000020000000000000000000000000000000000000000000000000000000000000000000000000000000000000000000000000000000000000000000000000000000000320030003100350030003100300031000000320030003100350031003200330031000000320030003100350031003200300031000000320030003100350031003200330031000000320030003100350030003100300031000000320030003100350031003200330031000000000002000000320030003000000000000000000000000000000000000000000000000000000000000000000000000000000000000000000000000000000000000000000000000000000000000000000000000000000000000000430000003000000000000000000000000000300000000000000000000000000001004E004E004E004E004E004E004E004E004E004E004E004E004E004E004E004E004E004E004E004E004E004E004E004E004E004E004E004E004E004E004E004E004E004E004E004E004E004E004E004E004E004E004E004E004E004E004E004E004E004E004E004E004E004E004E004E004E004E004E004E004E004E004E004E0059004E004E0000003200300031003500310032003100370000000000000033003000000000000000000000000000000000000000000000000000000000000000000000000000000000000000000000000000000000000000000000000000000000000000000000000000000000000000000000000000000000000000000000000000000000000000000000000000000000000000000000000000000000000000000000000000000000000000000000000000000000000000000000000000000000000000000000000000000000000000000000000000000000000000000000000000000000000000000000000000000000000000000000000000000000000000000000000000000000000000000000000000000000000000000000000000000000000000000000000000000000000000000000000000000000000000000000000000000000000000000000000000000000000000000000000000000000000000000000000000000000000000000000000000000000000000000000000000000000000000000000000000000000000000000038003200300000000000000000000000000000000000000032003000310035003100320031003700000000000000000000000000000000000000000000000000000000000000000000000000000000000000000000000000000000000000000000000000000000000000000000000000000000000000000000000000000000000000000000000000000000000000000000000000000000000000000000000000000000000000000000000000000000000000000000000000000000000000000032003000310035003100320030003100000032003000310035003100320033003100000001000100020000000101000100000000000020002000200020002000200020002000200020002000200020002000200000002000200020002000200020002000200020002000200020002000200020000000300000000000000000000000000030000000000000000000000000004E004E004E004E004E004E004E004E004E004E004E004E004E004E004E004E004E004E004E004E004E004E004E004E004E004E004E004E004E004E004E004E004E004E004E004E004E004E004E004E004E004E004E004E004E004E004E004E004E004E004E004E004E004E004E004E004E004E004E004E004E004E004E004E0059004E004E0033003000300000000000000000000000000000005900590059005900590059003300320000000000000000000000000000000000, null, null, 'N', '1', 'N', 'N', 'N', 'Y', 'N', 'N', '1', '15', '', '1', 'N', 'N', null, '5', '30', 'Y', null, null, null, null, null, null, 'F', null, 'N', '12', null, null, null, '1', '2016-01-06 00:00:00', 'N', '2016-01-06 00:00:00', '', '', '2008-02-15 00:00:00', '0', 'N'), ('2', 'B2CE768E7397FC079A15ED66867B78353FB50610', null, null, '2', 'B1i', 'B1i', '0', null, '', 'Y', '100.000000', null, null, null, null, null, null, null, null, null, 'H', null, null, 'N', 'N', 'N', null, 'N', '.000000', null, 'N', 'N', '-2', '-2', null, null, null, 'N', '1', 'N', 'N', 'N', 'N', 'N', 'N', '1', '15', '', '1', 'N', 'N', null, '5', '30', 'Y', null, null, null, null, null, null, 'F', null, 'N', '12', null, null, null, null, null, 'N', null, '', '', '2008-02-15 00:00:00', '0', 'N'), ('3', 'E9059B2AE6FE8D785E78497A1A6F81060DB2EBB0', null, null, '3', 'A001', '销售经理：张涛', '0', null, '', 'Y', '100.000000', null, null, null, null, null, null, null, null, null, 'H', 'zhangtao@oec.com.cn', '+86 133 1121 5452', 'N', 'N', 'N', null, 'N', '.000000', '+86 10 3345 6788', 'N', 'N', '-2', '-2', null, null, null, 'N', '1', 'N', 'N', 'N', 'N', 'N', 'N', '1', '15', '', '1', 'N', 'N', null, '5', '30', 'Y', null, null, null, null, null, null, 'F', null, 'N', '12', null, null, null, '1', '2008-02-17 00:00:00', 'Y', null, '1489F923C4DCA729178B3E3233458550D8DDDF29', '', '2008-02-17 00:00:00', '0', 'N'), ('4', 'E9059B2AE6FE8D785E78497A1A6F81060DB2EBB0', null, null, '4', 'A002', '销售代表：李慧', '0', null, '', 'Y', '100.000000', null, null, null, null, null, null, null, null, null, 'H', 'lihui@oec.com.cn', '+86 138 7894 1236', 'N', 'N', 'N', null, 'N', '.000000', '+86 10 3345 6788', 'N', 'N', '-2', '-2', null, null, null, 'N', '1', 'N', 'N', 'N', 'N', 'N', 'N', '1', '15', '', '1', 'N', 'N', null, '5', '30', 'Y', null, null, null, null, null, null, 'F', null, 'N', '12', null, null, null, '1', '2008-02-17 00:00:00', 'Y', null, '1489F923C4DCA729178B3E3233458550D8DDDF29', '', '2008-02-17 00:00:00', '0', 'N'), ('5', 'E9059B2AE6FE8D785E78497A1A6F81060DB2EBB0', null, null, '5', 'A003', '销售代表：阳杨', '0', null, '', 'Y', '100.000000', null, null, null, null, null, null, null, null, null, 'H', 'yangyang@oec.com.cn', '+86 131 2625 3648', 'N', 'N', 'N', null, 'N', '.000000', '+86 10 3345 6788', 'N', 'N', '-2', '-2', null, null, null, 'N', '1', 'N', 'N', 'N', 'N', 'N', 'N', '1', '15', '', '1', 'N', 'N', null, '5', '30', 'Y', null, null, null, null, null, null, 'F', null, 'N', '12', null, null, null, '1', '2008-02-17 00:00:00', 'Y', null, '1489F923C4DCA729178B3E3233458550D8DDDF29', '', '2008-02-17 00:00:00', '0', 'N'), ('6', 'E9059B2AE6FE8D785E78497A1A6F81060DB2EBB0', null, null, '6', 'A004', '销售代表：王勤', '0', null, '', 'Y', '100.000000', null, null, null, null, null, null, null, null, null, 'H', 'wangqing@oec.com.cn', '+86 135 6562 2215', 'N', 'N', 'N', null, 'N', '.000000', '+86 10 3345 6788', 'N', 'N', '-2', '-2', null, null, null, 'N', '1', 'N', 'N', 'N', 'N', 'N', 'N', '1', '15', '', '1', 'N', 'N', null, '5', '30', 'Y', null, null, null, null, null, null, 'F', null, 'N', '12', null, null, null, '1', '2008-02-17 00:00:00', 'Y', null, '1489F923C4DCA729178B3E3233458550D8DDDF29', '', '2008-02-17 00:00:00', '0', 'N'), ('7', 'E9059B2AE6FE8D785E78497A1A6F81060DB2EBB0', null, null, '7', 'A005', '财务经理：宋凯', '0', null, '', 'Y', '100.000000', null, null, null, null, null, null, null, null, null, 'H', 'songkai@oec.com.cn', '+86 133 1254 1268', 'N', 'N', 'N', null, 'N', '.000000', '+86 10 3345 6788', 'N', 'N', '1', '-2', null, null, null, 'N', '1', 'N', 'N', 'N', 'N', 'N', 'N', '1', '15', '', '1', 'N', 'N', null, '5', '30', 'Y', null, null, null, null, null, null, 'F', null, 'N', '12', null, null, null, '1', '2008-02-17 00:00:00', 'Y', null, '1489F923C4DCA729178B3E3233458550D8DDDF29', '', '2008-02-17 00:00:00', '0', 'N'), ('8', 'E9059B2AE6FE8D785E78497A1A6F81060DB2EBB0', null, null, '8', 'A006', '物流经理：陈丽', '0', null, '', 'Y', '100.000000', null, null, null, null, null, null, null, null, null, 'H', 'chenli@oec.com.cn', '+86 135 6452 3621', 'N', 'N', 'N', null, 'N', '.000000', '+86 10 3345 6788', 'N', 'N', '2', '-2', null, null, null, 'N', '1', 'N', 'N', 'N', 'N', 'N', 'N', '1', '15', '', '1', 'N', 'N', null, '5', '30', 'Y', null, null, null, null, null, null, 'F', null, 'N', '12', null, null, null, '1', '2008-02-17 00:00:00', 'Y', null, '1489F923C4DCA729178B3E3233458550D8DDDF29', '', '2008-02-17 00:00:00', '0', 'N'), ('9', 'E9059B2AE6FE8D785E78497A1A6F81060DB2EBB0', null, null, '9', 'A007', '生产经理：李德生', '0', null, '', 'Y', '100.000000', null, null, null, null, null, null, null, null, null, 'H', 'lidesheng@oec.com.cn', '+86 134 1236 1589', 'N', 'N', 'N', null, 'N', '.000000', '+86 10 3345 6788', 'N', 'N', '4', '-2', null, null, null, 'N', '1', 'N', 'N', 'N', 'N', 'N', 'N', '1', '15', '', '1', 'N', 'N', null, '5', '30', 'Y', null, null, null, null, null, null, 'F', null, 'N', '12', null, null, null, '1', '2008-02-17 00:00:00', 'Y', null, '1489F923C4DCA729178B3E3233458550D8DDDF29', '', '2008-02-17 00:00:00', '0', 'N'), ('10', 'E9059B2AE6FE8D785E78497A1A6F81060DB2EBB0', null, null, '10', 'A008', '生产人员:王建飞', '0', null, '', 'Y', '100.000000', null, null, null, null, null, null, null, null, null, 'H', 'wangjianfei@oec.com.cn', '+86 159 5862 3652', 'N', 'N', 'N', null, 'N', '.000000', '+86 10 3345 6788', 'N', 'N', '4', '-2', null, null, null, 'N', '1', 'N', 'N', 'N', 'N', 'N', 'N', '1', '15', '', '1', 'N', 'N', null, '5', '30', 'Y', null, null, null, null, null, null, 'F', null, 'N', '12', null, null, null, '1', '2008-02-17 00:00:00', 'Y', null, '1489F923C4DCA729178B3E3233458550D8DDDF29', '', '2008-02-17 00:00:00', '0', 'N'), ('11', 'E9059B2AE6FE8D785E78497A1A6F81060DB2EBB0', null, null, '11', 'A009', '生产人员:孟娟', '0', null, '', 'Y', '100.000000', null, null, null, null, null, null, null, null, null, 'H', 'mengjuan@oec.com.cn', '+86 138 6695 6321', 'N', 'N', 'N', null, 'N', '.000000', '+86 10 3345 6788', 'N', 'N', '-2', '-2', null, null, null, 'N', '1', 'N', 'N', 'N', 'N', 'N', 'N', '1', '15', '', '1', 'N', 'N', null, '5', '30', 'Y', null, null, null, null, null, null, 'F', null, 'N', '12', null, null, null, '1', '2008-02-17 00:00:00', 'Y', null, '1489F923C4DCA729178B3E3233458550D8DDDF29', '', '2008-02-17 00:00:00', '0', 'N'), ('12', 'E9059B2AE6FE8D785E78497A1A6F81060DB2EBB0', null, null, '12', 'A010', '客服经理：刘向', '0', null, '', 'Y', '100.000000', null, null, null, null, null, null, null, null, null, 'H', 'liuxiang@oec.com.cn', '+86 135 6555 6231', 'N', 'N', 'N', null, 'N', '.000000', '+86 10 2323 6332', 'N', 'N', '5', '-2', null, null, null, 'N', '1', 'N', 'N', 'N', 'N', 'N', 'N', '1', '15', '', '1', 'N', 'N', null, '5', '30', 'Y', null, null, null, null, null, null, 'F', null, 'N', '12', null, null, null, '1', '2008-02-17 00:00:00', 'Y', null, '1489F923C4DCA729178B3E3233458550D8DDDF29', '', '2008-02-17 00:00:00', '0', 'N'), ('13', 'E9059B2AE6FE8D785E78497A1A6F81060DB2EBB0', null, null, '13', 'A011', '客服人员：苏林', '0', null, '', 'Y', '100.000000', null, null, null, null, null, null, null, null, null, 'H', 'suling@oec.com.cn', '+86 133 6532 6541', 'N', 'N', 'N', null, 'N', '.000000', '+86 10 2323 6332', 'N', 'N', '5', '-2', null, null, null, 'N', '1', 'N', 'N', 'N', 'N', 'N', 'N', '1', '15', '', '1', 'N', 'N', null, '5', '30', 'Y', null, null, null, null, null, null, 'F', null, 'N', '12', null, null, null, '1', '2008-02-17 00:00:00', 'Y', null, '1489F923C4DCA729178B3E3233458550D8DDDF29', '', '2008-02-17 00:00:00', '0', 'N'), ('14', 'E9059B2AE6FE8D785E78497A1A6F81060DB2EBB0', null, null, '14', 'A012', '客服人员：张璇非', '0', null, '', 'Y', '100.000000', null, null, null, null, null, null, null, null, null, 'H', 'zhangxuanfei@oec.com.cn', '+86 135 7845 2626', 'N', 'N', 'N', null, 'N', '.000000', '+86 10 2323 6332', 'N', 'N', '5', '-2', null, null, null, 'N', '1', 'N', 'N', 'N', 'N', 'N', 'N', '1', '15', '', '1', 'N', 'N', null, '5', '30', 'Y', null, null, null, null, null, null, 'F', null, 'N', '12', null, null, null, '1', '2008-02-17 00:00:00', 'Y', null, '1489F923C4DCA729178B3E3233458550D8DDDF29', '', '2008-02-17 00:00:00', '0', 'N'), ('15', 'E9059B2AE6FE8D785E78497A1A6F81060DB2EBB0', null, null, '15', 'A013', '采购经理：钱国钧', '0', null, '', 'Y', '100.000000', null, null, null, null, null, null, null, null, null, 'H', 'qianguojun@oec.com.cn', '+86 133 1515 1444', 'N', 'N', 'N', null, 'N', '.000000', '+86 10 2323 6332', 'N', 'N', '6', '-2', null, null, null, 'N', '1', 'N', 'N', 'N', 'N', 'N', 'N', '1', '15', '', '1', 'N', 'N', null, '5', '30', 'Y', null, null, null, null, null, null, 'F', null, 'N', '12', null, null, null, '1', '2008-02-17 00:00:00', 'Y', null, '1489F923C4DCA729178B3E3233458550D8DDDF29', '', '2008-02-17 00:00:00', '0', 'N'), ('16', '43C4CF3CDC7B1601D44E91AC92F0A1D5B8800C44', null, null, '16', 'B1i1', 'B1i1', '0', null, '', 'Y', '100.000000', null, null, null, null, null, null, null, null, null, 'H', null, null, 'N', 'N', 'N', null, 'N', '.000000', null, 'N', 'N', '-2', '-2', null, null, null, 'N', '1', 'N', 'N', 'N', 'N', 'N', 'N', '1', '15', '', '1', 'N', 'N', null, '5', '30', 'Y', null, null, null, null, null, null, 'F', null, 'N', '12', null, null, null, null, null, 'N', null, '', '', '2008-10-13 00:00:00', '0', 'N'), ('17', '43C4CF3CDC7B1601D44E91AC92F0A1D5B8800C44', null, null, '17', 'B1i2', 'B1i2', '0', null, '', 'Y', '100.000000', null, null, null, null, null, null, null, null, null, 'H', null, null, 'N', 'N', 'N', null, 'N', '.000000', null, 'N', 'N', '-2', '-2', null, null, null, 'N', '1', 'N', 'N', 'N', 'N', 'N', 'N', '1', '15', '', '1', 'N', 'N', null, '5', '30', 'Y', null, null, null, null, null, null, 'F', null, 'N', '12', null, null, null, null, null, 'N', null, '', '', '2009-02-23 00:00:00', '0', 'N'), ('18', 'B64569D6ED16597ECCA869E3C4804CE7BEEFE7BB', null, null, '18', 'B1i3', 'B1i3', '0', null, '', 'Y', '100.000000', null, null, null, null, null, null, null, null, null, 'H', null, null, 'N', 'N', 'N', null, 'N', '.000000', null, 'N', 'N', '-2', '-2', null, null, null, 'N', '1', 'N', 'N', 'N', 'N', 'N', 'N', '1', '15', null, '1', 'N', 'N', null, '5', '30', 'Y', null, null, null, null, null, null, 'F', null, 'N', '12', null, null, null, null, null, 'N', null, '', '', '2065-11-21 00:00:00', '0', 'N'), ('19', '4AF8A6A1B9737EC151F100C561146FFF915258B5', null, null, '19', 'liuming', '刘明明', '0', null, '', 'N', '.000000', null, null, null, null, null, null, null, null, null, 'H', null, null, 'N', 'N', 'N', null, 'N', '.000000', null, 'N', 'N', '-2', '-2', null, null, null, 'N', '1', 'N', 'N', 'N', 'N', 'N', 'N', '1', '15', null, '1', 'N', 'N', null, '5', '30', 'Y', null, null, null, null, null, null, 'F', null, 'N', '12', null, null, null, '1', '2015-12-15 00:00:00', 'Y', null, '', '', '2015-12-15 00:00:00', '0', 'N'), ('20', '4AF8A6A1B9737EC151F100C561146FFF915258B5', null, null, '20', 'caily', '蔡立勇', '0', null, '', 'N', '.000000', null, null, null, null, null, null, null, null, null, 'H', null, null, 'N', 'N', 'N', null, 'N', '.000000', null, 'N', 'N', '-2', '-2', null, null, null, 'N', '1', 'N', 'N', 'N', 'N', 'N', 'N', '1', '15', null, '1', 'N', 'N', null, '5', '30', 'Y', null, null, null, null, null, null, 'F', null, 'N', '12', null, null, null, '1', '2015-12-15 00:00:00', 'Y', null, '', '', '2015-12-15 00:00:00', '0', 'N'), ('21', '4AF8A6A1B9737EC151F100C561146FFF915258B5', null, null, '21', 'caiw', '蔡旺', '0', null, '', 'N', '.000000', null, null, null, null, null, null, null, null, null, 'H', null, null, 'N', 'N', 'N', null, 'N', '.000000', null, 'N', 'N', '-2', '-2', null, null, null, 'N', '1', 'N', 'N', 'N', 'N', 'N', 'N', '1', '15', null, '1', 'N', 'N', null, '5', '30', 'Y', null, null, null, null, null, null, 'F', null, 'N', '12', null, null, null, '1', '2015-12-15 00:00:00', 'Y', null, '', '', '2015-12-15 00:00:00', '0', 'N'), ('22', '4AF8A6A1B9737EC151F100C561146FFF915258B5', null, null, '22', 'lixy', '李学勇', '0', null, '', 'N', '.000000', null, null, null, null, null, null, null, null, null, 'H', null, null, 'N', 'N', 'N', null, 'N', '.000000', null, 'N', 'N', '-2', '-2', null, null, null, 'N', '1', 'N', 'N', 'N', 'N', 'N', 'N', '1', '15', null, '1', 'N', 'N', null, '5', '30', 'Y', null, null, null, null, null, null, 'F', null, 'N', '12', null, null, null, '1', '2015-12-15 00:00:00', 'Y', null, '', '', '2015-12-15 00:00:00', '0', 'N'), ('23', '4AF8A6A1B9737EC151F100C561146FFF915258B5', null, null, '23', 'sunbin', '孙斌', '0', null, '', 'N', '.000000', null, null, null, null, null, null, null, null, null, 'H', null, null, 'N', 'N', 'N', null, 'N', '.000000', null, 'N', 'N', '-2', '-2', null, null, null, 'N', '1', 'N', 'N', 'N', 'N', 'N', 'N', '1', '15', null, '1', 'N', 'N', null, '5', '30', 'Y', null, null, null, null, null, null, 'F', null, 'N', '12', null, null, null, '1', '2015-12-15 00:00:00', 'Y', null, '', '', '2015-12-15 00:00:00', '0', 'N'), ('24', '4AF8A6A1B9737EC151F100C561146FFF915258B5', null, null, '24', 'cuihr', '崔浩然', '0', null, '', 'N', '.000000', null, null, null, null, null, null, null, null, null, 'H', null, null, 'N', 'N', 'N', null, 'N', '.000000', null, 'N', 'N', '-2', '-2', null, null, null, 'N', '1', 'N', 'N', 'N', 'N', 'N', 'N', '1', '15', null, '1', 'N', 'N', null, '5', '30', 'Y', null, null, null, null, null, null, 'F', null, 'N', '12', null, null, null, '1', '2015-12-15 00:00:00', 'Y', null, '', '', '2015-12-15 00:00:00', '0', 'N'), ('25', '4AF8A6A1B9737EC151F100C561146FFF915258B5', null, null, '25', 'sunzhe', '孙哲', '0', null, '', 'N', '.000000', null, null, null, null, null, null, null, null, null, 'H', null, null, 'N', 'N', 'N', null, 'N', '.000000', null, 'N', 'N', '-2', '-2', null, null, null, 'N', '1', 'N', 'N', 'N', 'N', 'N', 'N', '1', '15', null, '1', 'N', 'N', null, '5', '30', 'Y', null, null, null, null, null, null, 'F', null, 'N', '12', null, null, null, '1', '2015-12-15 00:00:00', 'Y', null, '', '', '2015-12-15 00:00:00', '0', 'N'), ('26', '4AF8A6A1B9737EC151F100C561146FFF915258B5', null, null, '26', 'chenwh', '陈伟弘', '0', null, '', 'N', '.000000', null, null, null, null, null, null, null, null, null, 'H', null, null, 'N', 'N', 'N', null, 'N', '.000000', null, 'N', 'N', '-2', '-2', null, null, null, 'N', '1', 'N', 'N', 'N', 'N', 'N', 'N', '1', '15', null, '1', 'N', 'N', null, '5', '30', 'Y', null, null, null, null, null, null, 'F', null, 'N', '12', null, null, null, '1', '2015-12-15 00:00:00', 'Y', null, '', '', '2015-12-15 00:00:00', '0', 'N'), ('27', '4AF8A6A1B9737EC151F100C561146FFF915258B5', null, null, '27', 'feijy', '费静t', '0', null, '', 'N', '.000000', null, null, null, null, null, null, null, null, null, 'H', null, null, 'N', 'N', 'N', null, 'N', '.000000', null, 'N', 'N', '-2', '-2', null, null, null, 'N', '1', 'N', 'N', 'N', 'N', 'N', 'N', '1', '15', null, '1', 'N', 'N', null, '5', '30', 'Y', null, null, null, null, null, null, 'F', null, 'N', '12', null, null, null, '1', '2015-12-15 00:00:00', 'Y', null, '', '', '2015-12-15 00:00:00', '0', 'N'), ('28', '4AF8A6A1B9737EC151F100C561146FFF915258B5', null, null, '28', 'liwb', '李文博', '0', null, '', 'N', '.000000', null, null, null, null, null, null, null, null, null, 'H', null, null, 'N', 'N', 'N', null, 'N', '.000000', null, 'N', 'N', '-2', '-2', null, null, null, 'N', '1', 'N', 'N', 'N', 'N', 'N', 'N', '1', '15', null, '1', 'N', 'N', null, '5', '30', 'Y', null, null, null, null, null, null, 'F', null, 'N', '12', null, null, null, '1', '2015-12-15 00:00:00', 'Y', null, '', '', '2015-12-15 00:00:00', '0', 'N'), ('29', '679550AD6A28F50443D10B8713796A6A90034042', null, null, '29', 'tei', 'tei', '0', null, '', 'N', '.000000', null, null, null, null, null, null, null, null, null, 'H', null, null, 'N', 'N', 'N', null, 'N', '.000000', null, 'N', 'N', '-2', '-2', null, null, null, 'N', '1', 'N', 'N', 'N', 'N', 'N', 'N', '1', '15', null, '1', 'N', 'N', null, '5', '30', 'Y', null, null, null, null, null, null, 'F', null, 'N', '12', null, null, null, null, null, 'Y', null, '', '', '2015-12-15 00:00:00', '0', 'N'), ('30', '4AF8A6A1B9737EC151F100C561146FFF915258B5', null, null, '30', 'liyanru', '李艳茹', '0', null, '', 'N', '.000000', null, null, null, null, null, null, null, null, null, 'H', null, null, 'N', 'N', 'N', null, 'N', '.000000', null, 'N', 'N', '-2', '-2', null, null, null, 'N', '1', 'N', 'N', 'N', 'N', 'N', 'N', '1', '15', null, '1', 'N', 'N', null, '5', '30', 'Y', null, null, null, null, null, null, 'F', null, 'N', '12', null, null, null, '1', '2015-12-18 00:00:00', 'Y', null, '', '', '2015-12-18 00:00:00', '0', 'N'), ('31', '1489F923C4DCA729178B3E3233458550D8DDDF29', null, null, '31', 'liwenbo', null, '0', null, '', 'N', '100.000000', null, null, null, null, null, null, null, null, null, 'H', null, null, 'N', 'N', 'N', null, 'N', '.000000', null, 'N', 'N', '-2', '-2', null, null, null, 'N', '1', 'N', 'N', 'N', 'N', 'N', 'N', '1', '15', null, '1', 'N', 'N', null, '5', '30', 'Y', null, null, null, null, null, null, 'F', null, 'N', '12', null, null, null, '1', '2015-12-18 00:00:00', 'Y', null, '', '', '2015-12-18 00:00:00', '0', 'N'), ('32', '4C980A727EFE75ED5A6081AD7995C6AE8990B5EB', null, null, '32', 'zjj', null, '0', null, '', 'N', '100.000000', null, null, '0', null, '0', null, '0', null, '0', 'H', null, null, 'N', 'N', 'N', null, 'N', '.000000', null, 'N', 'N', '-2', '-2', 0x0A000000100000004800000028010000310033003400000000000000000000000000000000000000000000000000000000000000000000000000000001000000E70000000000000065030000C301000008000000000000003100330038000000000000000000000000000000000000000000000000000000000000000000000000000000010000000000000000000000C50200004901000008000000100000003100360039000000000000000000000000000000000000000000000000000000000000000000000000000000010000000000000000000000150100009D01000008000000000000003100390038000000000000000000000000000000000000000000000000000000000000000000000000000000010000003C02000000000000C50300004C0100000800000000000000330032003000000000000000000000000000000000000000000000000000000000000000000000000000000001000000F8000000310000005E030000AA01000008000000000000003400300030003000350000000000000000000000000000000000000000000000000000000000000000000000010000007B00000000000000EA0200005E01000008000000180100003600300031003000300000000000000000000000000000000000000000000000000000000000000000000000010000001D010000000000004E030000C30100000800000000000000360033003700370031000000000000000000000000000000000000000000000000000000000000000000000001000000C1010000A300000092030000C301000008000000000000003600350031000000000000000000000000000000000000000000000000000000000000000000000000000000010000002B0100004400000048030000A00100000800000000000000360038003000000000000000000000000000000000000000000000000000000000000000000000000000000001000000AB010000AF000000A8030000B80100000800000000000000060000000000000000000000000000003100000030003100310031003100310030000000020031000000000000000000FFFFCC00D7EAEA00FFFAFA003000300030003000000030003000300030000000300038003000300000003100370030003000000030003800300030000000310037003000300000003000380030003000000031003700300030000000300038003000300000003100370030003000000030003800300030000000310037003000300000003000380030003000000031003300300030000000320038003000000001000100000000000000000000000000000000000000000000000000000000000000000000000000000000000000300030003000300030003000300000000000010000000100000001000000000000000000000000000000, null, null, 'N', '1', 'N', 'N', 'N', 'N', 'N', 'N', '1', '15', null, '1', 'N', 'N', null, '5', '30', 'Y', null, null, null, null, null, null, 'F', null, 'N', '12', null, null, null, '32', '2015-12-18 00:00:00', 'N', '2015-12-18 00:00:00', '1489F923C4DCA729178B3E3233458550D8DDDF29', '', '2015-12-18 00:00:00', '0', 'N'), ('33', '168DD191DCA0F17D5E0509881266D2DC822E2F6B', null, null, '33', 'lm', null, '0', null, '', 'N', '100.000000', null, null, '0', null, '0', null, '0', null, '0', 'H', null, null, 'N', 'N', 'N', null, 'N', '.000000', null, 'N', 'N', '-2', '-2', 0x08000000100000004800000018010000310033003400000000000000000000000000000000000000000000000000000000000000000000000000000001000000C90000000A00000036030000D501000008000000000000003100360039000000000000000000000000000000000000000000000000000000000000000000000000000000010000000000000000000000150100009D0100000800000000000000310039003800000000000000000000000000000000000000000000000000000000000000000000000000000001000000D5020000000000005E0400004C0100000800000000000000330032003000000000000000000000000000000000000000000000000000000000000000000000000000000001000000CE0000004100000034030000BA0100000800000000000000340030003000300035000000000000000000000000000000000000000000000000000000000000000000000001000000C70000005300000036030000B10100000800000018010000360030003100350030000000000000000000000000000000000000000000000000000000000000000000000001000000EF0000002F00000026030000C301000008000000000000003600330037003700310000000000000000000000000000000000000000000000000000000000000000000000010000003901000081000000080300009A01000008000000000000003600380030000000000000000000000000000000000000000000000000000000000000000000000000000000010000001A01000090000000150300009201000008000000000000003100000030003100310031003100310030000000020031000000000000000000FFFFCC00D7EAEA00FFFAFA003000300030003000000030003000300030000000300038003000300000003100370030003000000030003800300030000000310037003000300000003000380030003000000031003700300030000000300038003000300000003100370030003000000030003800300030000000310037003000300000003000380030003000000031003300300030000000320038003000000001000100000000000000000000000000000000000000000000000000000000000000000000000000000000000000300030003000300030003000300000000000010000000100000001000000000000000000000000000000, null, null, 'N', '1', 'N', 'N', 'N', 'N', 'N', 'N', '1', '15', null, '1', 'N', 'N', null, '5', '30', 'Y', null, null, null, null, null, null, 'F', null, 'N', '12', null, null, null, '33', '2015-12-18 00:00:00', 'N', '2015-12-18 00:00:00', '1489F923C4DCA729178B3E3233458550D8DDDF29', '', '2015-12-18 00:00:00', '0', 'N');
COMMIT;

-- ----------------------------
-- Indexes structure for table OCLG
-- ----------------------------
CREATE INDEX `OCLG_CRD_CODE` ON `OCLG`(`CardCode`) ;
CREATE INDEX `OCLG_OPPORT` ON `OCLG`(`OprId`, `OprLine`) ;

-- ----------------------------
-- Indexes structure for table OSLP
-- ----------------------------
CREATE UNIQUE INDEX `OSLP_SLP_NAME` ON `OSLP`(`SlpName`) ;
CREATE INDEX `OSLP_COM_GROUP` ON `OSLP`(`GroupCode`) ;

-- ----------------------------
-- Indexes structure for table OUSR
-- ----------------------------
CREATE INDEX `OUSR_PASSWORD` ON `OUSR`(`PASSWORD`) ;
CREATE UNIQUE INDEX `OUSR_USER_CODE` ON `OUSR`(`USER_CODE`) ;
CREATE UNIQUE INDEX `OUSR_SIGNATURE` ON `OUSR`(`USERID`) ;
